Model,ESG_coeff,ESG_pvalue,R2,N
Pooled OLS,0.8154650483521697,0.09822529662977919,0.021898205495123668,210
Firm FE,-0.30026435465304235,0.7864935794133172,0.019748391784793484,210
Two-way FE,1.0015905237912792,0.04293573881023034,0.11229415449193414,210
